"static/2018/02/16/Weekly_Update__Prachi_1.xlsx","static/media/private/model-demo-1/2018/02/16/Weekly_Update__Prachi_1.xlsx","static/media/private/model-demo-1/2018/02/16/"
"static/2018/02/16/children-02.jpg","static/media/private/model-demo-1/2018/02/16/children-02.jpg","static/media/private/model-demo-1/2018/02/16/"
"static/2018/02/16/Colaba_Assessment_Mastersheet.xlsx","static/media/private/model-demo-1/2018/02/16/Colaba_Assessment_Mastersheet.xlsx","static/media/private/model-demo-1/2018/02/16/"
"static/2018/02/16/BPR_Trend_REport_for_97.5_Sale_for_Oct11_23.10.11_11pm.xls","static/media/private/model-demo-1/2018/02/16/BPR_Trend_REport_for_97.5_Sale_for_Oct11_23.10.11_11pm.xls","static/media/private/model-demo-1/2018/02/16/"
"static/2018/02/16/IMG_4779.JPG","static/media/private/model-demo-1/2018/02/16/IMG_4779.JPG","static/media/private/model-demo-1/2018/02/16/"
"static/2018/02/16/1.jpg","static/media/private/model-demo-1/2018/02/16/1.jpg","static/media/private/model-demo-1/2018/02/16/"
"static/2018/02/16/69851336-philosophy-wallpapers_2p53yqI.jpg","static/media/private/model-demo-1/2018/02/16/69851336-philosophy-wallpapers_2p53yqI.jpg","static/media/private/model-demo-1/2018/02/16/"
"static/2018/02/16/69851336-philosophy-wallpapers.jpg","static/media/private/model-demo-1/2018/02/16/69851336-philosophy-wallpapers.jpg","static/media/private/model-demo-1/2018/02/16/"
"static/2018/02/16/DSC_0121.JPG","static/media/private/model-demo-1/2018/02/16/DSC_0121.JPG","static/media/private/model-demo-1/2018/02/16/"
"static/2018/02/12/IMG_4933.JPG","static/media/private/village-transformation-program/2018/02/12/IMG_4933.JPG","static/media/private/village-transformation-program/2018/02/12/"
"static/2018/02/12/IMG_5501.JPG","static/media/private/village-transformation-program/2018/02/12/IMG_5501.JPG","static/media/private/village-transformation-program/2018/02/12/"
"static/2018/02/12/IMG_5397.JPG","static/media/private/village-transformation-program/2018/02/12/IMG_5397.JPG","static/media/private/village-transformation-program/2018/02/12/"
"static/2018/02/08/IMG-20170530-WA0021.jpg","static/media/private/program-implementation-for-viacom18/2018/02/08/IMG-20170530-WA0021.jpg","static/media/private/program-implementation-for-viacom18/2018/02/08/"
"static/2018/02/08/A_11.jpg","static/media/private/program-implementation-for-viacom18/2018/02/08/A_11.jpg","static/media/private/program-implementation-for-viacom18/2018/02/08/"
"static/2018/02/08/IMG-20170608-WA0008.jpg","static/media/private/program-implementation-for-viacom18/2018/02/08/IMG-20170608-WA0008.jpg","static/media/private/program-implementation-for-viacom18/2018/02/08/"
"static/2018/02/07/Banner__Signage_1.png","static/media/private/project-saksham/2018/02/07/Banner__Signage_1.png","static/media/private/project-saksham/2018/02/07/"
"static/2018/02/05/women-education-india.jpg","static/media/private/model-demo-1/2018/02/05/women-education-india.jpg","static/media/private/model-demo-1/2018/02/05/"
"static/2018/02/02/Testimonials.docx","static/media/private/caremother-mobile-pregnancy-care-solution/2018/02/02/Testimonials.docx","static/media/private/caremother-mobile-pregnancy-care-solution/2018/02/02/"
"static/2018/01/24/WhatsApp_Image_2017-12-28_at_9.26.37_PM.jpeg","static/media/private/tobacco-control-program/2018/01/24/WhatsApp_Image_2017-12-28_at_9.26.37_PM.jpeg","static/media/private/tobacco-control-program/2018/01/24/"
"static/2018/01/24/Water_Storage_tank_Nandra_jkhxOPV.JPG","static/media/private/village-transformation-program/2018/01/24/Water_Storage_tank_Nandra_jkhxOPV.JPG","static/media/private/village-transformation-program/2018/01/24/"
"static/2018/01/24/IMG_4854_cRuEwUB.JPG","static/media/private/village-transformation-program/2018/01/24/IMG_4854_cRuEwUB.JPG","static/media/private/village-transformation-program/2018/01/24/"
"static/2018/01/24/WhatsApp_Image_2017-12-28_at_8.20.43_PM.jpeg","static/media/private/tobacco-control-program/2018/01/24/WhatsApp_Image_2017-12-28_at_8.20.43_PM.jpeg","static/media/private/tobacco-control-program/2018/01/24/"
"static/2018/01/24/WhatsApp_Image_2017-12-28_at_8.20.42_PM.jpeg","static/media/private/tobacco-control-program/2018/01/24/WhatsApp_Image_2017-12-28_at_8.20.42_PM.jpeg","static/media/private/tobacco-control-program/2018/01/24/"
"static/2018/01/24/WhatsApp_Image_2017-12-27_at_4.48.07_PM.jpeg","static/media/private/tobacco-control-program/2018/01/24/WhatsApp_Image_2017-12-27_at_4.48.07_PM.jpeg","static/media/private/tobacco-control-program/2018/01/24/"
"static/2018/01/24/WhatsApp_Image_2017-12-28_at_6.52.40_PM_1.jpeg","static/media/private/tobacco-control-program/2018/01/24/WhatsApp_Image_2017-12-28_at_6.52.40_PM_1.jpeg","static/media/private/tobacco-control-program/2018/01/24/"
"static/2018/01/24/WhatsApp_Image_2017-12-28_at_9.25.09_PM.jpeg","static/media/private/tobacco-control-program/2018/01/24/WhatsApp_Image_2017-12-28_at_9.25.09_PM.jpeg","static/media/private/tobacco-control-program/2018/01/24/"
"static/2018/01/24/IMG_4854.JPG","static/media/private/village-transformation-program/2018/01/24/IMG_4854.JPG","static/media/private/village-transformation-program/2018/01/24/"
"static/2018/01/24/Water_Storage_tank_Nandra.JPG","static/media/private/village-transformation-program/2018/01/24/Water_Storage_tank_Nandra.JPG","static/media/private/village-transformation-program/2018/01/24/"
"static/2018/01/24/Gabion_Daregaon_Dari.JPG","static/media/private/village-transformation-program/2018/01/24/Gabion_Daregaon_Dari.JPG","static/media/private/village-transformation-program/2018/01/24/"
"static/2018/01/24/Mulching_Nandra.JPG","static/media/private/village-transformation-program/2018/01/24/Mulching_Nandra.JPG","static/media/private/village-transformation-program/2018/01/24/"
"static/2018/01/19/Image_2_sewing.jpg","static/media/private/tiger-conservation-by-jet-privilege-pvt-ltd/2018/01/19/Image_2_sewing.jpg","static/media/private/tiger-conservation-by-jet-privilege-pvt-ltd/2018/01/19/"
"static/2018/01/19/Imge_pug_marks_hyena.jpg","static/media/private/tiger-conservation-by-jet-privilege-pvt-ltd/2018/01/19/Imge_pug_marks_hyena.jpg","static/media/private/tiger-conservation-by-jet-privilege-pvt-ltd/2018/01/19/"
"static/2018/01/19/Museum_letter_to_FDBandhavgarh_1.pdf","static/media/private/tiger-conservation-by-jet-privilege-pvt-ltd/2018/01/19/Museum_letter_to_FDBandhavgarh_1.pdf","static/media/private/tiger-conservation-by-jet-privilege-pvt-ltd/2018/01/19/"
"static/2018/01/19/List_of_beneficiaries_sewing_16th_Jan18_1.xls","static/media/private/tiger-conservation-by-jet-privilege-pvt-ltd/2018/01/19/List_of_beneficiaries_sewing_16th_Jan18_1.xls","static/media/private/tiger-conservation-by-jet-privilege-pvt-ltd/2018/01/19/"
"static/2018/01/19/Image3.jpg","static/media/private/tiger-conservation-by-jet-privilege-pvt-ltd/2018/01/19/Image3.jpg","static/media/private/tiger-conservation-by-jet-privilege-pvt-ltd/2018/01/19/"
"static/2018/01/19/Image2.jpg","static/media/private/tiger-conservation-by-jet-privilege-pvt-ltd/2018/01/19/Image2.jpg","static/media/private/tiger-conservation-by-jet-privilege-pvt-ltd/2018/01/19/"
"static/2018/01/19/Image_0.jpg","static/media/private/tiger-conservation-by-jet-privilege-pvt-ltd/2018/01/19/Image_0.jpg","static/media/private/tiger-conservation-by-jet-privilege-pvt-ltd/2018/01/19/"
"static/2018/01/19/Image1.png","static/media/private/tiger-conservation-by-jet-privilege-pvt-ltd/2018/01/19/Image1.png","static/media/private/tiger-conservation-by-jet-privilege-pvt-ltd/2018/01/19/"
"static/2018/01/16/WhatsApp_Image_2017-12-28_at_9.38.35_PM.jpeg","static/media/private/tobacco-control-program/2018/01/16/WhatsApp_Image_2017-12-28_at_9.38.35_PM.jpeg","static/media/private/tobacco-control-program/2018/01/16/"
"static/2018/01/16/WhatsApp_Image_2017-12-28_at_9.40.54_PM_1.jpeg","static/media/private/tobacco-control-program/2018/01/16/WhatsApp_Image_2017-12-28_at_9.40.54_PM_1.jpeg","static/media/private/tobacco-control-program/2018/01/16/"
"static/2018/01/16/Monthly_registration_target_and_Actual_registration.xlsx","static/media/private/caremother-mobile-pregnancy-care-solution/2018/01/16/Monthly_registration_target_and_Actual_registration.xlsx","static/media/private/caremother-mobile-pregnancy-care-solution/2018/01/16/"
"static/2018/01/12/index.jpg","static/media/private/installing-sanitary-pad-dispensers-and-waste-disposal-facilities-in-greater-mumbai-government-schools/2018/01/12/index.jpg","static/media/private/installing-sanitary-pad-dispensers-and-waste-disposal-facilities-in-greater-mumbai-government-schools/2018/01/12/"
"static/2018/01/18/help_image.png","static/media/private/installing-sanitary-pad-dispensers-and-waste-disposal-facilities-in-greater-mumbai-government-schools/2018/01/18/help_image.png","static/media/private/installing-sanitary-pad-dispensers-and-waste-disposal-facilities-in-greater-mumbai-government-schools/2018/01/18/"
"static/2018/01/11/Goat_Beneficiary_List.xlsx","static/media/private/village-transformation-program/2018/01/11/Goat_Beneficiary_List.xlsx","static/media/private/village-transformation-program/2018/01/11/"
"static/2018/01/10/New_workers_detail_resume.xlsx","static/media/private/tobacco-control-program/2018/01/10/New_workers_detail_resume.xlsx","static/media/private/tobacco-control-program/2018/01/10/"
"static/2018/01/10/index.jpg","static/media/private/installing-sanitary-pad-dispensers-and-waste-disposal-facilities-in-greater-mumbai-government-schools/2018/01/10/index.jpg","static/media/private/installing-sanitary-pad-dispensers-and-waste-disposal-facilities-in-greater-mumbai-government-schools/2018/01/10/"
"static/2018/01/08/WhatsApp_Image_2017-12-28_at_9.37.27_PM.jpeg","static/media/private/tobacco-control-program/2018/01/08/WhatsApp_Image_2017-12-28_at_9.37.27_PM.jpeg","static/media/private/tobacco-control-program/2018/01/08/"
"static/2018/01/08/Update.jpg","static/media/private/installing-sanitary-pad-dispensers-and-waste-disposal-facilities-in-greater-mumbai-government-schools/2018/01/08/Update.jpg","static/media/private/installing-sanitary-pad-dispensers-and-waste-disposal-facilities-in-greater-mumbai-government-schools/2018/01/08/"
"static/2018/01/03/22Dec_Sanitary_napkin.pdf","static/media/private/model-demo-1/2018/01/03/22Dec_Sanitary_napkin.pdf","static/media/private/model-demo-1/2018/01/03/"
"static/2017/12/27/the_good_dinosaur__hi_res_textless_poster__by_phetvanburton-d9bsr0o.jpg","static/media/private/installing-sanitary-pad-dispensers-and-waste-disposal-facilities-in-greater-mumbai-government-schools/2017/12/27/the_good_dinosaur__hi_res_textless_poster__by_phetvanburton-d9bsr0o.jpg","static/media/private/installing-sanitary-pad-dispensers-and-waste-disposal-facilities-in-greater-mumbai-government-schools/2017/12/27/"
"static/2017/12/06/Bio_Diversity_Programe_Waghola.JPG","static/media/private/village-transformation-program/2017/12/06/Bio_Diversity_Programe_Waghola.JPG","static/media/private/village-transformation-program/2017/12/06/"
"static/2017/12/06/1.png","static/media/private/installing-sanitary-pad-dispensers-and-waste-disposal-facilities-in-greater-mumbai-government-schools/2017/12/06/1.png","static/media/private/installing-sanitary-pad-dispensers-and-waste-disposal-facilities-in-greater-mumbai-government-schools/2017/12/06/"
"static/2017/12/06/ENB_Babulgaon.JPG","static/media/private/village-transformation-program/2017/12/06/ENB_Babulgaon.JPG","static/media/private/village-transformation-program/2017/12/06/"
"static/2017/12/06/GP_Babulgaon.jpg","static/media/private/village-transformation-program/2017/12/06/GP_Babulgaon.jpg","static/media/private/village-transformation-program/2017/12/06/"
"static/2017/12/05/142420030120150217ngo1.jpg","static/media/private/mahiti-testing-project/2017/12/05/142420030120150217ngo1.jpg","static/media/private/mahiti-testing-project/2017/12/05/"
"static/2017/12/05/1939516_orig_EFS9SSp.jpg","static/media/private/mahiti-testing-project/2017/12/05/1939516_orig_EFS9SSp.jpg","static/media/private/mahiti-testing-project/2017/12/05/"
"static/2017/11/28/IMG_1921_NaI0yN7.JPG","static/media/private/village-transformation-program/2017/11/28/IMG_1921_NaI0yN7.JPG","static/media/private/village-transformation-program/2017/11/28/"
"static/2017/11/27/IMG-20170627-WA0029.jpg","static/media/private/installing-sanitary-pad-dispensers-and-waste-disposal-facilities-in-greater-mumbai-government-schools/2017/11/27/IMG-20170627-WA0029.jpg","static/media/private/installing-sanitary-pad-dispensers-and-waste-disposal-facilities-in-greater-mumbai-government-schools/2017/11/27/"
"static/2017/11/24/NGO_email-ids.xls","static/media/private/training-teachers-in-low-income-government-schools/2017/11/24/NGO_email-ids.xls","static/media/private/training-teachers-in-low-income-government-schools/2017/11/24/"
"static/2017/11/23/PNG.png","static/media/private/test-project-pmu1/2017/11/23/PNG.png","static/media/private/test-project-pmu1/2017/11/23/"
"static/2017/11/23/Cover_Image.jpg","static/media/private/installing-sanitary-pad-dispensers-and-waste-disposal-facilities-in-greater-mumbai-government-schools/2017/11/23/Cover_Image.jpg","static/media/private/installing-sanitary-pad-dispensers-and-waste-disposal-facilities-in-greater-mumbai-government-schools/2017/11/23/"
"static/2017/11/23/Reimbursement_form_-_CGF_-_2017-18_Shahzarin.xlsx","static/media/private/installing-sanitary-pad-dispensers-and-waste-disposal-facilities-in-greater-mumbai-government-schools/2017/11/23/Reimbursement_form_-_CGF_-_2017-18_Shahzarin.xlsx","static/media/private/installing-sanitary-pad-dispensers-and-waste-disposal-facilities-in-greater-mumbai-government-schools/2017/11/23/"
"static/2017/11/21/supercat.png","static/media/private/training-teachers-in-low-income-government-schools/2017/11/21/supercat.png","static/media/private/training-teachers-in-low-income-government-schools/2017/11/21/"
"static/2017/11/21/milestone.png","static/media/private/training-teachers-in-low-income-government-schools/2017/11/21/milestone.png","static/media/private/training-teachers-in-low-income-government-schools/2017/11/21/"
"static/2017/11/21/user-img4.png","static/media/private/test-project-pmu1/2017/11/21/user-img4.png","static/media/private/test-project-pmu1/2017/11/21/"
"static/2017/11/20/Vijayawada_landscape.jpg","static/media/private/village-transformation-program/2017/11/20/Vijayawada_landscape.jpg","static/media/private/village-transformation-program/2017/11/20/"
"static/2017/11/20/IMG_1921_NaI0yN7.JPG","static/media/private/village-transformation-program/2017/11/20/IMG_1921_NaI0yN7.JPG","static/media/private/village-transformation-program/2017/11/20/"
"static/2017/11/20/IMG_1921.JPG","static/media/private/village-transformation-program/2017/11/20/IMG_1921.JPG","static/media/private/village-transformation-program/2017/11/20/"
"static/2017/11/20/Agenda_-_18.11.17_5DBpgvA.pdf","static/media/private/village-transformation-program/2017/11/20/Agenda_-_18.11.17_5DBpgvA.pdf","static/media/private/village-transformation-program/2017/11/20/"
"static/2017/11/20/Agenda_-_18.11.17_5amOK4X.pdf","static/media/private/village-transformation-program/2017/11/20/Agenda_-_18.11.17_5amOK4X.pdf","static/media/private/village-transformation-program/2017/11/20/"
"static/2017/11/20/Agenda_-_18.11.17.pdf","static/media/private/village-transformation-program/2017/11/20/Agenda_-_18.11.17.pdf","static/media/private/village-transformation-program/2017/11/20/"
"static/2017/11/20/IMG_1903.JPG","static/media/private/village-transformation-program/2017/11/20/IMG_1903.JPG","static/media/private/village-transformation-program/2017/11/20/"
"static/2017/11/08/partnership-icon-2.png","static/media/private/installing-sanitary-pad-dispensers-and-waste-disposal-facilities-in-greater-mumbai-government-schools/2017/11/08/partnership-icon-2.png","static/media/private/installing-sanitary-pad-dispensers-and-waste-disposal-facilities-in-greater-mumbai-government-schools/2017/11/08/"
"static/2017/11/07/DSCN1290.JPG","static/media/private/village-transformation-program/2017/11/07/DSCN1290.JPG","static/media/private/village-transformation-program/2017/11/07/"
"static/2017/11/07/IMG-20170816-WA0003.jpg","static/media/private/construction-training/2017/11/07/IMG-20170816-WA0003.jpg","static/media/private/construction-training/2017/11/07/"
"static/2017/11/06/milestone2.png","static/media/private/model-demo-1/2017/11/06/milestone2.png","static/media/private/model-demo-1/2017/11/06/"
"static/2017/10/10/driver-training6.jpg","static/media/private/installing-sanitary-pad-dispensers-and-waste-disposal-facilities-in-greater-mumbai-government-schools/2017/10/10/driver-training6.jpg","static/media/private/installing-sanitary-pad-dispensers-and-waste-disposal-facilities-in-greater-mumbai-government-schools/2017/10/10/"
"static/2017/12/12/activity.jpg","static/media/private/installing-sanitary-pad-dispensers-and-waste-disposal-facilities-in-greater-mumbai-government-schools/2017/12/12/activity.jpg","static/media/private/installing-sanitary-pad-dispensers-and-waste-disposal-facilities-in-greater-mumbai-government-schools/2017/12/12/"
"static/2017/10/05/classroom_india.jpg","static/media/private/installing-sanitary-pad-dispensers-and-waste-disposal-facilities-in-greater-mumbai-government-schools/2017/10/05/classroom_india.jpg","static/media/private/installing-sanitary-pad-dispensers-and-waste-disposal-facilities-in-greater-mumbai-government-schools/2017/10/05/"
"static/2017/10/05/napkin-vending-macine.jpg","static/media/private/installing-sanitary-pad-dispensers-and-waste-disposal-facilities-in-greater-mumbai-government-schools/2017/10/05/napkin-vending-macine.jpg","static/media/private/installing-sanitary-pad-dispensers-and-waste-disposal-facilities-in-greater-mumbai-government-schools/2017/10/05/"
"static/2017/10/05/Capture_decran_2017-10-05_a_17.34.04.png","static/media/private/installing-sanitary-pad-dispensers-and-waste-disposal-facilities-in-greater-mumbai-government-schools/2017/10/05/Capture_decran_2017-10-05_a_17.34.04.png","static/media/private/installing-sanitary-pad-dispensers-and-waste-disposal-facilities-in-greater-mumbai-government-schools/2017/10/05/"
"static/2017/10/05/students.jpg","static/media/private/installing-sanitary-pad-dispensers-and-waste-disposal-facilities-in-greater-mumbai-government-schools/2017/10/05/students.jpg","static/media/private/installing-sanitary-pad-dispensers-and-waste-disposal-facilities-in-greater-mumbai-government-schools/2017/10/05/"
"static/2017/10/05/call_for_proposals_1_ZtSuOsh.png","static/media/private/model-demo-1/2017/10/05/call_for_proposals_1_ZtSuOsh.png","static/media/private/model-demo-1/2017/10/05/"
"static/2017/10/05/convocation.jpg","static/media/private/model-demo-1/2017/10/05/convocation.jpg","static/media/private/model-demo-1/2017/10/05/"
"static/2017/10/05/F2F_interview.jpg","static/media/private/model-demo-1/2017/10/05/F2F_interview.jpg","static/media/private/model-demo-1/2017/10/05/"
"static/2017/10/05/call_for_proposals_MfEyYV2.png","static/media/private/model-demo-1/2017/10/05/call_for_proposals_MfEyYV2.png","static/media/private/model-demo-1/2017/10/05/"
"static/2017/09/29/_DSC7400.JPG","static/media/private/watershed-management-project-aroehan/2017/09/29/_DSC7400.JPG","static/media/private/watershed-management-project-aroehan/2017/09/29/"
"static/2017/09/29/_DSC7431.JPG","static/media/private/watershed-management-project-aroehan/2017/09/29/_DSC7431.JPG","static/media/private/watershed-management-project-aroehan/2017/09/29/"
"static/2017/09/29/Malikcha_Gharcha_Bajucha_Bandhara_B_2.jpg","static/media/private/watershed-management-project-aroehan/2017/09/29/Malikcha_Gharcha_Bajucha_Bandhara_B_2.jpg","static/media/private/watershed-management-project-aroehan/2017/09/29/"
"static/2017/09/19/many_tigers.jpg","static/media/private/tiger-conservation-by-jet-privilege-pvt-ltd/2017/09/19/many_tigers.jpg","static/media/private/tiger-conservation-by-jet-privilege-pvt-ltd/2017/09/19/"
"static/2017/09/19/release.jpg","static/media/private/tiger-conservation-by-jet-privilege-pvt-ltd/2017/09/19/release.jpg","static/media/private/tiger-conservation-by-jet-privilege-pvt-ltd/2017/09/19/"
"static/2017/09/19/cubs.jpg","static/media/private/tiger-conservation-by-jet-privilege-pvt-ltd/2017/09/19/cubs.jpg","static/media/private/tiger-conservation-by-jet-privilege-pvt-ltd/2017/09/19/"
"static/2017/09/19/breeding.jpg","static/media/private/tiger-conservation-by-jet-privilege-pvt-ltd/2017/09/19/breeding.jpg","static/media/private/tiger-conservation-by-jet-privilege-pvt-ltd/2017/09/19/"
"static/2017/09/19/movement.jpg","static/media/private/tiger-conservation-by-jet-privilege-pvt-ltd/2017/09/19/movement.jpg","static/media/private/tiger-conservation-by-jet-privilege-pvt-ltd/2017/09/19/"
"static/2017/09/19/capture.jpeg","static/media/private/tiger-conservation-by-jet-privilege-pvt-ltd/2017/09/19/capture.jpeg","static/media/private/tiger-conservation-by-jet-privilege-pvt-ltd/2017/09/19/"
"static/2017/09/19/IMG_20170124_120900.jpg","static/media/private/elderly-care-program/2017/09/19/IMG_20170124_120900.jpg","static/media/private/elderly-care-program/2017/09/19/"
"static/2017/09/19/IMG_20170908_103606.jpg","static/media/private/elderly-care-program/2017/09/19/IMG_20170908_103606.jpg","static/media/private/elderly-care-program/2017/09/19/"
"static/2017/09/15/IMG_20170811_115642.jpg","static/media/private/muktangan-primary-school-programme/2017/09/15/IMG_20170811_115642.jpg","static/media/private/muktangan-primary-school-programme/2017/09/15/"
"static/2017/09/15/Workshop_22_june.png","static/media/private/udyog-srujana/2017/09/15/Workshop_22_june.png","static/media/private/udyog-srujana/2017/09/15/"
"static/2017/09/15/learning_activity_22_june.png","static/media/private/udyog-srujana/2017/09/15/learning_activity_22_june.png","static/media/private/udyog-srujana/2017/09/15/"
"static/2017/09/15/Exhibition_8_may.png","static/media/private/udyog-srujana/2017/09/15/Exhibition_8_may.png","static/media/private/udyog-srujana/2017/09/15/"
"static/2017/09/15/Workshop_22_june_2017.png","static/media/private/udyog-srujana/2017/09/15/Workshop_22_june_2017.png","static/media/private/udyog-srujana/2017/09/15/"
"static/2017/09/15/Training_22_june.png","static/media/private/udyog-srujana/2017/09/15/Training_22_june.png","static/media/private/udyog-srujana/2017/09/15/"
"static/2017/09/15/Exhibition_8th_may_2017.png","static/media/private/udyog-srujana/2017/09/15/Exhibition_8th_may_2017.png","static/media/private/udyog-srujana/2017/09/15/"
"static/2017/09/14/IMG-20170627-WA0029.jpg","static/media/private/nanhi-kali-2a56/2017/09/14/IMG-20170627-WA0029.jpg","static/media/private/nanhi-kali-2a56/2017/09/14/"
"static/2017/09/13/Training_Tutors.JPG","static/media/private/eureka-super-kidz/2017/09/13/Training_Tutors.JPG","static/media/private/eureka-super-kidz/2017/09/13/"
"static/2017/09/13/Declaration_event.JPG","static/media/private/eureka-super-kidz/2017/09/13/Declaration_event.JPG","static/media/private/eureka-super-kidz/2017/09/13/"
"static/2017/09/13/IMG_20170119_181009714.jpg","static/media/private/eureka-super-kidz/2017/09/13/IMG_20170119_181009714.jpg","static/media/private/eureka-super-kidz/2017/09/13/"
"static/2017/09/13/IMG-20170124-WA0004.jpg","static/media/private/eureka-super-kidz/2017/09/13/IMG-20170124-WA0004.jpg","static/media/private/eureka-super-kidz/2017/09/13/"
"static/2017/09/13/Baseline_study.JPG","static/media/private/eureka-super-kidz/2017/09/13/Baseline_study.JPG","static/media/private/eureka-super-kidz/2017/09/13/"
"static/2017/09/13/IMG_20170119_162454572.jpg","static/media/private/eureka-super-kidz/2017/09/13/IMG_20170119_162454572.jpg","static/media/private/eureka-super-kidz/2017/09/13/"
"static/2017/09/11/SAN_0464.jpg","static/media/private/skill-development-and-livelihood/2017/09/11/SAN_0464.jpg","static/media/private/skill-development-and-livelihood/2017/09/11/"
"static/2017/09/06/20170728_151521.jpg","static/media/private/nanhi-kali/2017/09/06/20170728_151521.jpg","static/media/private/nanhi-kali/2017/09/06/"
"static/2017/09/06/cards-1.JPG","static/media/private/nanhi-kali/2017/09/06/cards-1.JPG","static/media/private/nanhi-kali/2017/09/06/"
"static/2017/09/06/Agreement_TU_CIBIL_Samhita_KCMET_Final_230217.docx","static/media/private/nanhi-kali/2017/09/06/Agreement_TU_CIBIL_Samhita_KCMET_Final_230217.docx","static/media/private/nanhi-kali/2017/09/06/"
